START,STOP,PATIENT,ENCOUNTER,CODE,SYSTEM,DESCRIPTION,TYPE,CATEGORY,REACTION1,DESCRIPTION1,SEVERITY1,REACTION2,DESCRIPTION2,SEVERITY2
1971-07-02,,7568b2fa-4171-8b27-6721-a9edf6dd1800,7568b2fa-4171-8b27-4d76-61e16d7f9754,609328004,SNOMED-CT,Allergic disposition (finding),allergy,environment,,,,,,
1971-07-02,,7568b2fa-4171-8b27-6721-a9edf6dd1800,7568b2fa-4171-8b27-4d76-61e16d7f9754,288328004,SNOMED-CT,Bee venom (substance),allergy,environment,271807003,Eruption of skin (disorder),MODERATE,,,
1971-07-02,,7568b2fa-4171-8b27-6721-a9edf6dd1800,7568b2fa-4171-8b27-4d76-61e16d7f9754,84489001,SNOMED-CT,Mold (organism),allergy,environment,267101005,Nasal discharge present (situation),MILD,,,
1971-07-02,,7568b2fa-4171-8b27-6721-a9edf6dd1800,7568b2fa-4171-8b27-4d76-61e16d7f9754,260147004,SNOMED-CT,House dust mite (organism),allergy,environment,,,,,,
1971-07-02,,7568b2fa-4171-8b27-6721-a9edf6dd1800,7568b2fa-4171-8b27-4d76-61e16d7f9754,264287008,SNOMED-CT,Animal dander (substance),allergy,environment,878820003,Rhinoconjunctivitis (disorder),MODERATE,,,
1971-07-02,,7568b2fa-4171-8b27-6721-a9edf6dd1800,7568b2fa-4171-8b27-4d76-61e16d7f9754,256277009,SNOMED-CT,Grass pollen (substance),allergy,environment,,,,,,
1971-07-02,,7568b2fa-4171-8b27-6721-a9edf6dd1800,7568b2fa-4171-8b27-4d76-61e16d7f9754,10831,RxNorm,Sulfamethoxazole / Trimethoprim,allergy,medication,247472004,Wheal (finding),MODERATE,271807003,Eruption of skin (disorder),MODERATE
1971-07-02,,7568b2fa-4171-8b27-6721-a9edf6dd1800,7568b2fa-4171-8b27-4d76-61e16d7f9754,735971005,SNOMED-CT,Fish (substance),allergy,food,271807003,Eruption of skin (disorder),MILD,,,
1971-07-02,,7568b2fa-4171-8b27-6721-a9edf6dd1800,7568b2fa-4171-8b27-4d76-61e16d7f9754,762952008,SNOMED-CT,Peanut (substance),allergy,food,247472004,Wheal (finding),MODERATE,267036007,Dyspnea (finding),MILD
